"tramo_esc","n","proportion"
"alta",3987714,0.22690982811372
"baja",5977982,0.34016052005909
"media",6514223,0.370673829974878
NA,1094084,0.0622558218523122
